<?xml version="1.0" encoding="UTF-8"?>
<beans xmlns="http://www.springframework.org/schema/beans" xmlns:context="http://www.springframework.org/schema/context" xmlns:xsi="http://www.w3.org/2001/XMLSchema-instance" xsi:schemaLocation=" http://www.springframework.org/schema/beans  http://www.springframework.org/schema/beans/spring-beans-3.0.xsd http://www.springframework.org/schema/context  http://www.springframework.org/schema/context/spring-context-3.0.xsd">
    <import resource="classpath:WebContent/WEB-INF/user-beans.xml" />
    <context:component-scan base-package="com" />
    <context:annotation-config />
    <bean class="org.springframework.web.servlet.view.InternalResourceViewResolver">
        <property name="prefix" value="/jsp/" />
        <property name="suffix" value=".jsp" />
    </bean>
    <!-- JSON Support -->
    <bean name="viewResolver" class="org.springframework.web.servlet.view.BeanNameViewResolver"/>
    <bean name="mav" class="org.springframework.web.servlet.view.json.MappingJackson2JsonView"/>
</beans>